{
  "case": 3,
  "results": [
    {
      "case": 3,
      "lam_bd": 1.0,
      "lam_reg": 1.0,
      "clean_pre": 0.5490000247955322,
      "asr_pre": 0.9850000143051147,
      "worst": 79.02000188827515,
      "mean": 79.2333334684372,
      "mode": "minmax",
      "gamma": 0.12846583662157357,
      "per_agg": {
        "fedavg": 79.02000188827515,
        "median": 79.23999786376953,
        "trimmed_mean": 79.26000118255615,
        "krum": 79.75999951362608,
        "multi_krum": 79.06000137329102,
        "bulyan": 79.05999898910522
      }
    },
    {
      "case": 3,
      "lam_bd": 1.0,
      "lam_reg": 3.0,
      "clean_pre": 0.5,
      "asr_pre": 0.9769999980926514,
      "worst": 78.91999959945679,
      "mean": 79.13999994595845,
      "mode": "minmax",
      "gamma": 0.08565330153118061,
      "per_agg": {
        "fedavg": 79.02000188827515,
        "median": 79.09999966621399,
        "trimmed_mean": 78.99999856948851,
        "krum": 79.52000021934509,
        "multi_krum": 78.91999959945679,
        "bulyan": 79.27999973297119
      }
    }
  ],
  "best": {
    "case": 3,
    "lam_bd": 1.0,
    "lam_reg": 1.0,
    "clean_pre": 0.5490000247955322,
    "asr_pre": 0.9850000143051147,
    "worst": 79.02000188827515,
    "mean": 79.2333334684372,
    "mode": "minmax",
    "gamma": 0.12846583662157357,
    "per_agg": {
      "fedavg": 79.02000188827515,
      "median": 79.23999786376953,
      "trimmed_mean": 79.26000118255615,
      "krum": 79.75999951362608,
      "multi_krum": 79.06000137329102,
      "bulyan": 79.05999898910522
    }
  }
}