{
  "case": 2,
  "results": [
    {
      "case": 2,
      "lam_bd": 1.0,
      "lam_reg": 1.0,
      "clean_pre": 0.609000027179718,
      "asr_pre": 0.8949999809265137,
      "worst": 66.31999969482422,
      "mean": 67.34333395957947,
      "mode": "minmax",
      "gamma": 0.1469605563459157,
      "per_agg": {
        "fedavg": 66.31999969482422,
        "median": 66.74000024795532,
        "trimmed_mean": 66.51999950408936,
        "krum": 71.06000185012817,
        "multi_krum": 66.50000095367432,
        "bulyan": 66.92000150680542
      }
    },
    {
      "case": 2,
      "lam_bd": 1.0,
      "lam_reg": 3.0,
      "clean_pre": 0.5529999732971191,
      "asr_pre": 0.9039999842643738,
      "worst": 66.44000172615051,
      "mean": 67.47333427270253,
      "mode": "minmax",
      "gamma": 0.1451397617300841,
      "per_agg": {
        "fedavg": 66.44000172615051,
        "median": 66.84000134468079,
        "trimmed_mean": 66.79999947547913,
        "krum": 71.06000185012817,
        "multi_krum": 66.62000179290771,
        "bulyan": 67.0799994468689
      }
    }
  ],
  "best": {
    "case": 2,
    "lam_bd": 1.0,
    "lam_reg": 3.0,
    "clean_pre": 0.5529999732971191,
    "asr_pre": 0.9039999842643738,
    "worst": 66.44000172615051,
    "mean": 67.47333427270253,
    "mode": "minmax",
    "gamma": 0.1451397617300841,
    "per_agg": {
      "fedavg": 66.44000172615051,
      "median": 66.84000134468079,
      "trimmed_mean": 66.79999947547913,
      "krum": 71.06000185012817,
      "multi_krum": 66.62000179290771,
      "bulyan": 67.0799994468689
    }
  }
}