{
  "case": 1,
  "results": [
    {
      "case": 1,
      "lam_bd": 1.0,
      "lam_reg": 1.0,
      "clean_pre": 0.6269999742507935,
      "asr_pre": 0.9660000205039978,
      "worst": 66.4400005340576,
      "mean": 67.04333285490672,
      "mode": "minsum",
      "gamma": 0.09121058303843436,
      "per_agg": {
        "fedavg": 67.21999883651733,
        "median": 66.75999999046326,
        "trimmed_mean": 67.0799994468689,
        "krum": 68.02000045776367,
        "multi_krum": 66.73999786376953,
        "bulyan": 66.4400005340576
      }
    },
    {
      "case": 1,
      "lam_bd": 1.0,
      "lam_reg": 3.0,
      "clean_pre": 0.5820000171661377,
      "asr_pre": 0.8650000095367432,
      "worst": 66.57999873161316,
      "mean": 66.84333384037018,
      "mode": "minsum",
      "gamma": 0.09121058303843436,
      "per_agg": {
        "fedavg": 67.03999757766724,
        "median": 66.74000024795532,
        "trimmed_mean": 66.84000253677368,
        "krum": 67.24000215530396,
        "multi_krum": 66.62000179290771,
        "bulyan": 66.57999873161316
      }
    }
  ],
  "best": {
    "case": 1,
    "lam_bd": 1.0,
    "lam_reg": 3.0,
    "clean_pre": 0.5820000171661377,
    "asr_pre": 0.8650000095367432,
    "worst": 66.57999873161316,
    "mean": 66.84333384037018,
    "mode": "minsum",
    "gamma": 0.09121058303843436,
    "per_agg": {
      "fedavg": 67.03999757766724,
      "median": 66.74000024795532,
      "trimmed_mean": 66.84000253677368,
      "krum": 67.24000215530396,
      "multi_krum": 66.62000179290771,
      "bulyan": 66.57999873161316
    }
  }
}